�����ڵ�,���ڸ�,��ȭ��ȣ,�ּ�
A0001,�躸��,010-6212-1066,�泲 �о�� ���ϵ� 649-7
A0002,���Ͽ� �ϸ�Ʈ��,010-6673-4105,��⵵ ���ֽ� ������ ���긮 61-35����
A0003,�̿��,010-1977-4425,��� ���� ������ â���� 65����
A0004,������,010-1758-0839,���ֽ� ���� 1482����
A0005,�輱��,010-8055-2859,���� ���� ���� 143-12
A0006,��ó�� ��ư,010-7270-5520,������ ���ʽ� �߾ӷ� 150-1
A0007,�� ������,010-6676-6428,���� ���ֽ� ��ȣ�� 1029-2
A0008,������(������),010-4044-2363,��� ���̽� ���赿 840����
A0009,������ ��ũ����,010-1048-2234,��⵵ ��õ�� �ŵи� ��鸮 120����
A0010,������,010-9137-9014,��� ���ֽ� ���ݸ� ������ 92����
A0011,��ī�� ��ī��,010-1222-4497,����Ư����ġ�� �������� ������ ��� 133-8 ����
A0012,�η��� ����,010-3069-4123,��⵵ ���ֽ� ���̵� 987-6����
A0013,������,010-2525-4657,����Ư����ġ�� �������� ������ ��� 133 ����
A0014,���ӽ� Ŭ����,010-3569-2431,����� ������ ȭ� 1006-9
A0015,�̸��� ������,010-2953-3938,����� ������ ���絿 1479-9
A0016,�극�� ����,010-9814-9350,��õ�� ���� �˾ϵ� 606-7
A0017,��Ʃ��� �巡��,010-3961-1701,��⵵ ȭ���� �ɵ� 445-2
A0018,�÷�Ÿ ������,010-1391-4001,��⵵ ����� �ϻ굿�� ���׵� 86
A0019,�ϼ����� ��þ�,010-3597-0541,����� ���Ǳ� �Ÿ��� 1640-3
A0020,�����,010-5096-7388,��⵵ ���� ������ ��ٸ� 201-15
A0021,����� ���ɹ�,010-8324-2258,�뱸�� ���� ���ϵ� 1223
A0022,�����,010-7748-5382,���� �ξȱ� ����� ������ 290-1
A0023,�Ͽ��� ����(Howard Marks),010-8292-1608,������ ���ֽ� �౸�� 1847-3
A0024,�̰���,010-2068-9180,�泲 �ƻ�� ����� ������ 1019
A0025,������ ���̸���,010-7126-2770,���� ���� ���ε� 113-48
A0026,�輱��,010-9809-5693,��⵵ ȭ���� ������ ��ȭ�� 113-1����
A0027,�ڿ���,010-8788-6192,�泲 â���� ��浿 �ھ�� 136
A0028,�����ڷ� ������,010-2691-2323,����� ������ �ֹ��� 45-8
A0029,���ٿ�,010-2610-8201,�泲 â���� ���ر� �̵� 464-2����
A0030,�ķ�ī�� ���ɽ�,010-5403-8749,��õ�� ������ ���ᵿ 926����
A0031,ũ�������� ����,010-9915-1295,��� ���ֽ� ���ǵ� 684-9����
A0032,���� �۷�,010-1828-6106,���� ���ʱ� �굿�� �»縮 110-1
A0033,� ����,010-8808-8856,����� ���ϱ� �̾Ƶ� 838-4����
A0034,��ä��ȭ,010-8598-1898,��⵵ ������ �д籸 ���� 741